Protein,Position_1based,Pred_RSA
5a7d-L,1,1.0098755359649658
5a7d-L,2,0.7060816287994385
5a7d-L,3,0.7621130347251892
5a7d-L,4,0.5653753280639648
5a7d-L,5,0.42219507694244385
5a7d-L,6,0.5626760721206665
5a7d-L,7,0.6214175224304199
5a7d-L,8,0.6156905293464661
5a7d-L,9,0.4689578711986542
5a7d-L,10,0.6195663213729858
5a7d-L,11,0.68132084608078
5a7d-L,12,0.7041784524917603
5a7d-L,13,0.7180202603340149
5a7d-L,14,0.5536584854125977
5a7d-L,15,0.6516101360321045
5a7d-L,16,0.6514731645584106
5a7d-L,17,0.5967481732368469
5a7d-L,18,0.587774932384491
5a7d-L,19,0.6255714893341064
5a7d-L,20,0.5814610719680786
5a7d-L,21,0.486624151468277
5a7d-L,22,0.437850683927536
5a7d-L,23,0.357664555311203
5a7d-L,24,0.3347603380680084
5a7d-L,25,0.6455849409103394
5a7d-L,26,0.453023225069046
5a7d-L,27,0.41179007291793823
5a7d-L,28,0.41322433948516846
5a7d-L,29,0.42150238156318665
5a7d-L,30,0.24567869305610657
5a7d-L,31,0.3784683644771576
5a7d-L,32,0.5682315826416016
5a7d-L,33,0.2685692012310028
5a7d-L,34,0.2969425618648529
5a7d-L,35,0.5843173861503601
5a7d-L,36,0.6189106106758118
5a7d-L,37,0.27694690227508545
5a7d-L,38,0.49215853214263916
5a7d-L,39,0.5234852433204651
5a7d-L,40,0.34351053833961487
5a7d-L,41,0.3170056939125061
5a7d-L,42,0.6320476531982422
5a7d-L,43,0.44195446372032166
5a7d-L,44,0.08852818608283997
5a7d-L,45,0.17984309792518616
5a7d-L,46,0.5750957727432251
5a7d-L,47,0.14579114317893982
5a7d-L,48,0.06833244860172272
5a7d-L,49,0.5638555288314819
5a7d-L,50,0.47881224751472473
5a7d-L,51,0.03492461144924164
5a7d-L,52,0.3301306664943695
5a7d-L,53,0.6840595006942749
5a7d-L,54,0.27147045731544495
5a7d-L,55,0.10807107388973236
5a7d-L,56,0.471367746591568
5a7d-L,57,0.4459701478481293
5a7d-L,58,0.05502616614103317
5a7d-L,59,0.33492258191108704
5a7d-L,60,0.4466955363750458
5a7d-L,61,0.2587449252605438
5a7d-L,62,0.0877811461687088
5a7d-L,63,0.5294349789619446
5a7d-L,64,0.5799255967140198
5a7d-L,65,0.09788355231285095
5a7d-L,66,0.5074995160102844
5a7d-L,67,0.7077435255050659
5a7d-L,68,0.3209987282752991
5a7d-L,69,0.1565588116645813
5a7d-L,70,0.6546779870986938
5a7d-L,71,0.6550112366676331
5a7d-L,72,0.2689025104045868
5a7d-L,73,0.7672160267829895
5a7d-L,74,0.5300953388214111
5a7d-L,75,0.595851719379425
5a7d-L,76,0.5479021072387695
5a7d-L,77,0.155673086643219
5a7d-L,78,0.45051753520965576
5a7d-L,79,0.7303966283798218
5a7d-L,80,0.13206107914447784
5a7d-L,81,0.10743705928325653
5a7d-L,82,0.4713827669620514
5a7d-L,83,0.28843963146209717
5a7d-L,84,0.05403181165456772
5a7d-L,85,0.3820616900920868
5a7d-L,86,0.6508065462112427
5a7d-L,87,0.07377372682094574
5a7d-L,88,0.09098078310489655
5a7d-L,89,0.4507751762866974
5a7d-L,90,0.40060606598854065
5a7d-L,91,0.02369682490825653
5a7d-L,92,0.45821017026901245
5a7d-L,93,0.6611337661743164
5a7d-L,94,0.07937866449356079
5a7d-L,95,0.1139998733997345
5a7d-L,96,0.3983328342437744
5a7d-L,97,0.35654908418655396
5a7d-L,98,0.058813486248254776
5a7d-L,99,0.5313307642936707
5a7d-L,100,0.7317599654197693
5a7d-L,101,0.3871772587299347
5a7d-L,102,0.3716658651828766
5a7d-L,103,0.38906535506248474
5a7d-L,104,0.36388638615608215
5a7d-L,105,0.23600608110427856
5a7d-L,106,0.6112383604049683
5a7d-L,107,0.5716743469238281
5a7d-L,108,0.36029544472694397
5a7d-L,109,0.4961196780204773
5a7d-L,110,0.379862517118454
5a7d-L,111,0.42086631059646606
5a7d-L,112,0.4156974256038666
5a7d-L,113,0.5046791434288025
5a7d-L,114,0.5398155450820923
5a7d-L,115,0.2703354060649872
5a7d-L,116,0.3816405236721039
5a7d-L,117,0.4501371681690216
5a7d-L,118,0.4075267016887665
5a7d-L,119,0.2616298496723175
5a7d-L,120,0.5307751297950745
5a7d-L,121,0.5543642044067383
5a7d-L,122,0.30999755859375
5a7d-L,123,0.5561656951904297
5a7d-L,124,0.18585777282714844
5a7d-L,125,0.5783090591430664
5a7d-L,126,0.48592060804367065
5a7d-L,127,0.08869530260562897
5a7d-L,128,0.23282533884048462
5a7d-L,129,0.6039958000183105
5a7d-L,130,0.3521532118320465
5a7d-L,131,0.05566178262233734
5a7d-L,132,0.41158396005630493
5a7d-L,133,0.38914167881011963
5a7d-L,134,0.10342375934123993
5a7d-L,135,0.22724729776382446
5a7d-L,136,0.5558950901031494
5a7d-L,137,0.3669641315937042
5a7d-L,138,0.0716412365436554
5a7d-L,139,0.22880718111991882
5a7d-L,140,0.3732408583164215
5a7d-L,141,0.11483095586299896
5a7d-L,142,0.054334625601768494
5a7d-L,143,0.40026962757110596
5a7d-L,144,0.2882913053035736
5a7d-L,145,0.0838732123374939
5a7d-L,146,0.08478498458862305
5a7d-L,147,0.3149361312389374
5a7d-L,148,0.33922019600868225
5a7d-L,149,0.10685664415359497
5a7d-L,150,0.05113278329372406
5a7d-L,151,0.44437354803085327
5a7d-L,152,0.262825071811676
5a7d-L,153,0.06916648149490356
5a7d-L,154,0.07308708131313324
5a7d-L,155,0.3582095205783844
5a7d-L,156,0.1445978432893753
5a7d-L,157,0.044471681118011475
5a7d-L,158,0.5225136280059814
5a7d-L,159,0.6973166465759277
5a7d-L,160,0.24556228518486023
5a7d-L,161,0.8832120299339294
5a7d-L,162,0.41774871945381165
5a7d-L,163,0.43716129660606384
5a7d-L,164,0.5858728885650635
5a7d-L,165,0.3254965543746948
5a7d-L,166,0.055057086050510406
5a7d-L,167,0.3819194436073303
5a7d-L,168,0.3915940821170807
5a7d-L,169,0.1069476455450058
5a7d-L,170,0.01623053103685379
5a7d-L,171,0.43958285450935364
5a7d-L,172,0.27354535460472107
5a7d-L,173,0.02037499099969864
5a7d-L,174,0.10499421507120132
5a7d-L,175,0.4796743094921112
5a7d-L,176,0.13298484683036804
5a7d-L,177,0.1150658130645752
5a7d-L,178,0.5566417574882507
5a7d-L,179,0.33147504925727844
5a7d-L,180,0.7308714985847473
5a7d-L,181,0.45016756653785706
5a7d-L,182,0.7825814485549927
5a7d-L,183,0.5832553505897522
5a7d-L,184,0.3377504050731659
5a7d-L,185,0.6138226389884949
5a7d-L,186,0.4783557951450348
5a7d-L,187,0.08848467469215393
5a7d-L,188,0.11120499670505524
5a7d-L,189,0.4634401202201843
5a7d-L,190,0.12767758965492249
5a7d-L,191,0.02938058227300644
5a7d-L,192,0.19851890206336975
5a7d-L,193,0.751380443572998
5a7d-L,194,0.22099241614341736
5a7d-L,195,0.5222572088241577
5a7d-L,196,0.026716284453868866
5a7d-L,197,0.02941679209470749
5a7d-L,198,0.5409324169158936
5a7d-L,199,0.11926029622554779
5a7d-L,200,0.0014364607632160187
5a7d-L,201,0.07412047684192657
5a7d-L,202,0.4698715806007385
5a7d-L,203,0.05063104256987572
5a7d-L,204,0.02167186513543129
5a7d-L,205,0.4948999583721161
5a7d-L,206,0.7145025730133057
5a7d-L,207,0.2252245843410492
5a7d-L,208,0.8138415813446045
5a7d-L,209,0.39647814631462097
5a7d-L,210,0.42565739154815674
5a7d-L,211,0.3397482931613922
5a7d-L,212,0.021931305527687073
5a7d-L,213,0.12215473502874374
5a7d-L,214,0.08564011752605438
5a7d-L,215,0.1455765962600708
5a7d-L,216,0.0034026801586151123
5a7d-L,217,0.023476004600524902
5a7d-L,218,0.33759453892707825
5a7d-L,219,0.022495612502098083
5a7d-L,220,-0.0010815784335136414
5a7d-L,221,0.1815679967403412
5a7d-L,222,0.2407734990119934
5a7d-L,223,0.014248926192522049
5a7d-L,224,0.05968852713704109
5a7d-L,225,0.44313278794288635
5a7d-L,226,0.13628101348876953
5a7d-L,227,0.658169686794281
5a7d-L,228,0.6729953289031982
5a7d-L,229,0.03298703953623772
5a7d-L,230,0.16914111375808716
5a7d-L,231,0.5977151393890381
5a7d-L,232,0.3314286768436432
5a7d-L,233,0.054868850857019424
5a7d-L,234,0.3109711706638336
5a7d-L,235,0.7277941107749939
5a7d-L,236,0.27046507596969604
5a7d-L,237,0.3437049984931946
5a7d-L,238,0.10362644493579865
5a7d-L,239,0.32960712909698486
5a7d-L,240,0.5736962556838989
5a7d-L,241,0.162084698677063
5a7d-L,242,0.010944433510303497
5a7d-L,243,0.4891764223575592
5a7d-L,244,0.5179200768470764
5a7d-L,245,0.036776550114154816
5a7d-L,246,0.22261223196983337
5a7d-L,247,0.7161498665809631
5a7d-L,248,0.48207348585128784
5a7d-L,249,0.4901716113090515
5a7d-L,250,0.6287156343460083
5a7d-L,251,0.8934482336044312
5a7d-L,252,0.49392059445381165
5a7d-L,253,0.23611348867416382
5a7d-L,254,0.5766693353652954
5a7d-L,255,0.5105144381523132
5a7d-L,256,0.09221728146076202
5a7d-L,257,0.42533889412879944
5a7d-L,258,0.675263524055481
5a7d-L,259,0.16737982630729675
5a7d-L,260,0.031920719891786575
5a7d-L,261,0.5471288561820984
5a7d-L,262,0.38084056973457336
5a7d-L,263,0.040963947772979736
5a7d-L,264,0.19253993034362793
5a7d-L,265,0.5101354718208313
5a7d-L,266,0.35429027676582336
5a7d-L,267,0.13457688689231873
5a7d-L,268,0.5714008808135986
5a7d-L,269,0.6541324853897095
5a7d-L,270,0.3696516454219818
5a7d-L,271,0.5025416016578674
5a7d-L,272,0.8172765970230103
5a7d-L,273,0.7628194093704224
5a7d-L,274,0.6194186806678772
5a7d-L,275,0.7609477043151855
5a7d-L,276,0.6361672878265381
5a7d-L,277,0.6566413640975952
5a7d-L,278,0.5082200169563293
5a7d-L,279,0.6411855220794678
5a7d-L,280,0.6639087796211243
5a7d-L,281,0.4808613359928131
5a7d-L,282,0.7008659243583679
5a7d-L,283,0.849980354309082
5a7d-L,284,0.8071587085723877
5aot-A,1,0.9944381713867188
5aot-A,2,0.8593834042549133
5aot-A,3,0.8314026594161987
5aot-A,4,0.7779585123062134
5aot-A,5,0.5867745280265808
5aot-A,6,0.5055414438247681
5aot-A,7,0.514227032661438
5aot-A,8,0.389275461435318
5aot-A,9,0.45821651816368103
5aot-A,10,0.13027465343475342
5aot-A,11,0.44149282574653625
5aot-A,12,0.15496757626533508
5aot-A,13,0.4832492768764496
5aot-A,14,0.38882699608802795
5aot-A,15,0.526660680770874
5aot-A,16,0.4000804126262665
5aot-A,17,0.7901649475097656
5aot-A,18,0.8325259685516357
5aot-A,19,0.28013932704925537
5aot-A,20,0.32747378945350647
5aot-A,21,0.04756937921047211
5aot-A,22,0.23034566640853882
5aot-A,23,0.016007795929908752
5aot-A,24,0.2580282390117645
5aot-A,25,0.044355958700180054
5aot-A,26,0.5034970641136169
5aot-A,27,0.3137661814689636
5aot-A,28,0.371076375246048
5aot-A,29,0.3268664479255676
5aot-A,30,0.7413362264633179
5aot-A,31,0.3966163098812103
5aot-A,32,0.5671318769454956
5aot-A,33,0.6447619795799255
5aot-A,34,0.5419701337814331
5aot-A,35,0.14461666345596313
5aot-A,36,0.11435995995998383
5aot-A,37,0.0658809244632721
5aot-A,38,0.06485411524772644
5aot-A,39,0.14001211524009705
5aot-A,40,0.20991015434265137
5aot-A,41,0.2498014271259308
5aot-A,42,0.7848336100578308
5aot-A,43,0.7826987504959106
5aot-A,44,0.8101153373718262
5aot-A,45,0.5683150291442871
5aot-A,46,0.4924395978450775
5aot-A,47,0.5011346340179443
5aot-A,48,0.12581714987754822
5aot-A,49,0.6663798093795776
5aot-A,50,0.23334234952926636
5aot-A,51,0.7523747682571411
5aot-A,52,0.41601184010505676
5aot-A,53,0.6232864260673523
5aot-A,54,0.31307169795036316
5aot-A,55,0.4748038351535797
5aot-A,56,0.8973937630653381
5aot-A,57,0.8539760708808899
5aot-A,58,0.23339113593101501
5aot-A,59,0.35030776262283325
5aot-A,60,0.07139693200588226
5aot-A,61,0.3597247004508972
5aot-A,62,0.059702109545469284
5aot-A,63,0.5972106456756592
5aot-A,64,0.02571079134941101
5aot-A,65,0.36229199171066284
5aot-A,66,0.3821903169155121
5aot-A,67,0.8898893594741821
5aot-A,68,0.5078587532043457
5aot-A,69,0.1059071272611618
5aot-A,70,0.3628220856189728
5aot-A,71,0.8985939025878906
5aot-A,72,0.8489261865615845
5aot-A,73,0.17942827939987183
5aot-A,74,0.6399384140968323
5aot-A,75,0.43959638476371765
5aot-A,76,0.13789202272891998
5aot-A,77,0.38415756821632385
5aot-A,78,0.04004361480474472
5aot-A,79,0.2650604844093323
5aot-A,80,0.04746786504983902
5aot-A,81,0.2336846888065338
5aot-A,82,0.11663656681776047
5aot-A,83,0.41757622361183167
5aot-A,84,0.5473820567131042
5aot-A,85,0.607147753238678
5aot-A,86,0.8509318828582764
5aot-A,87,0.3183514177799225
5aot-A,88,0.5188233256340027
5aot-A,89,0.21911495923995972
5aot-A,90,0.4748217761516571
5aot-A,91,0.5718938708305359
5aot-A,92,0.32756373286247253
5aot-A,93,0.5202712416648865
5aot-A,94,0.60417640209198
5aot-A,95,0.5387800335884094
5aot-A,96,0.7526073455810547
5aot-A,97,0.8014239072799683
5aot-A,98,0.7282150983810425
5aot-A,99,0.6935375928878784
5aot-A,100,0.7026913166046143
5aot-A,101,0.7671634554862976
5aot-A,102,0.9206749796867371
